painting/beianpudun,6891,deb28ce11f4ce52d303fbe88111d2fc2
painting/biaoqiang,6818,3e6df6da2b5234f6860f17249725128d
painting/biaoqiang_tex,450791,2daefb51efdcdd53a2b6adcf6ad94046
painting/bisimai,6847,d3a5cbdc106dd2e049c4d266126bcc8c
painting/beianpudun_tex,393780,630ba46c9b0bda48218432dcdc5cd057
painting/bisimai_tex,732151,be004224868c9f87a18bb355cc99f191
painting/bolisi,6862,a43f67dc235ebad14b61de07594ca637
painting/botelan,6839,69c5337f6df9df9bad1628b64a8c1092
painting/changdao,6851,bbbd76a06a8d33d05a78374981f200a4
painting/changdao_tex,415101,a4fbdca54e163d9752bf4c445503bccb
painting/dahuangfeng,6875,19d6a20616e46dec77c3dae65fa459e5
painting/dahuangfeng_tex,526151,0df4cab6f6d52bd6673bef5be5649ab5
painting/botelan_tex,456129,90162c7f669c70adc41450a93099959c
painting/fulaiche,6748,c1e280d6768015256b756b88679c5063
painting/fulaiche_tex,434992,86b23d859055b46f6c6e3aa35e802eff
painting/gelideli,6811,4b0a26650f3ec216c04f222d732a71cf
painting/gelideli_tex,410421,8c37514ea019107d59cde7ac5f562443
painting/bolisi_tex,462329,61da13e8c7d79bc2716bd6de5d94c713
painting/haman,6805,b7f72ab63a6c779001447b6bf3a397d6
painting/haman_tex,304111,d7c05223ba5825f4a9e9be979ccb5586
painting/hude,6830,c43bdf4ebdee9a2c9967746e647affb7
painting/huixing,6818,8ad3e90a59631b6ee4680a69fbb8fec9
painting/huixing_tex,298364,4d265b17f63bc6645773d9eecac9dc75
painting/hude_tex,1206226,63c793056e36c3703f5adc98e5d8c6c0
painting/keleiwen,6849,2903f20536a9f836b34929044a5272e8
painting/kente,6778,ea1ca5da8e28b8434bba762fe35df190
painting/kente_tex,358246,e4c5d6bea5b02c4355ab15644061c5c1
painting/lafei,6822,06590d9a793acbcabc0ef5962255b047
painting/lafei_tex,364103,c5e08aa2d915b0f0ae1f672fea2a9aed
painting/lingbo,6832,44e29c6b5320776c297de7978bad0ce2
painting/lingbo_tex,301296,dbd4a9c11aed827d66d40f50bf5c220b
painting/mingshi,7003,be4950398151a2b57fdcd11190954688
painting/mingyunnvshen,6832,412e9e550b9afbd32a49f2446b759a17
painting/mingyunnvshen_tex,339679,ff3d50d8be5652468deb1c0a8926f9a9
painting/mingshi_tex,400343,88f1672c9f3eee9c99cae37951ef2ef1
painting/nuofuke,6758,f182a4178d999917a3e1df9d2605caaa
painting/nvjiang,6822,c6f7fd62ec50fce3e980359107b023d6
painting/ougen,6833,d9020ae0afd52f1d01f1fa34a001673a
painting/nvjiang_tex,371769,a9fe8ff7eb740148e38ffdaf0502a47a
painting/maikaoer,6748,f4b951bfe1177c67cf98e5a191cf77db
painting/maikaoer_tex,361210,9bc82450b5eeeda2bc96466d78bbb5e8
painting/safuke_xinshou,6845,6753aba344a92c958dddd9f8b4707b13
painting/safuke,6843,bfc1f8a1cb316b7b97f3d28288df305d
painting/safuke_tex,361776,51a06e7c4c890ca429e33536245f8aed
painting/safuke_xinshou_tex,361427,9f5bffcdb4a8f1177cc7f39228b998f6
painting/saqieer,6774,4babc69c41184a5b2814ddd1ffe58306
painting/saqieer_tex,303016,104ce340372e93f9eed8ab3b7bf7843b
painting/keleiwen_tex,350733,5f6b6291a7f09d0afd5693b06217ae79
painting/ougen_tex,1086163,cc85a95e9ebffe87ea5857edb3d3fd01
painting/shiluopujun,6854,a0ae917b81fc24d043fa7ff5d58c0a16
painting/shiluopujun_tex,390331,2abbab061c74c7270d7e4f22482088be
painting/tianhou_tex,602579,a450d451d483104542980d91ae614c08
painting/unknown1_xinshou,5100,4f7e86cff70e3545eea6134a10ea6663
painting/unknown1,5089,c44c882b0b973f12a87b9deec849761b
painting/unknown2,5076,8dfb22022105ac7f789e242dccd5b554
painting/unknown2_memory_tex,4689,020668a8b090ff873349aebc87279eac
painting/unknown2_memory,6093,59574d3eecea77291815be6633f99c47
painting/unknown1_xinshou_tex,356668,ee2909d5ca6c0ac30dc3b75c2a2d3ba2
painting/unknown1_tex,352764,b5d175171042b1f8a0ced13e60e418e6
painting/unknown2_tex,475005,3c260f40ea1d5758bb3604bbf928d790
painting/weiershiqinwang,6887,edbf4e9bfa91b69ff414197b41321952
painting/nuofuke_tex,489853,6e26328f2e808a27eb0d039a3bbc083c
painting/xiaotiane,6857,9be23e07a8ea20dfa272a1b0ebde091f
painting/xiaotiane_tex,290802,52301cde675a0cba4c50fb206ccdf0cd
painting/ximusi,6807,4dc19d0faa387ff0932ce0766609e109
painting/ximusi_tex,278631,fb71601dd7fda1ccafa9f40c3524f373
painting/xinyue,6818,6cb790159c3c22c290b1bf3c855dbbda
painting/xinyue_tex,292402,f272ef1dbccd5530f9c43b191e04bd0c
painting/weiershiqinwang_tex,1180946,f7d54aae88e2371abb7831a8a40fbe70
painting/tianhou,6823,cbc030382d590cd93e86beaddb888677
painting/z23_tex,394742,d170b6898274fd82605025308143f114
painting/zhijiage,6805,acfd12da5f8d34735d193e1dcc699ba6
painting/zhijiage_tex,379274,0b6c99cdc647b33e44e4e800ccaeb1bd
painting/z23,7002,243bcf4c05bd0666b31b871df2fba22f